CITY,FORECAST_DATE,TEMPERATURE_MAX_C,ROLLING_7D_MAX_TEMP_C,TEMP_ANOMALY_C,PRECIPITATION_MM,ROLLING_7D_PRECIPITATION_MM,DRY_SPELL_DAYS
Bakersfield,2026-10-01,36.6,36.6,0,0,0,1
Bakersfield,2026-10-02,39.3,37.95,1.35,0,0,2
Bakersfield,2026-10-03,39.8,38.57,1.23,0,0,3
Bakersfield,2026-10-04,41.4,39.28,2.12,0,0,4
Bakersfield,2026-10-05,39.8,39.38,0.42,0,0,5
Bakersfield,2026-10-06,39.3,39.37,-0.07,0,0,6
Bakersfield,2026-10-07,41.1,39.61,1.49,0,0,7
Bakersfield,2026-10-08,42.6,40.47,2.13,0,0,8
Bakersfield,2026-10-09,42.2,40.89,1.31,0,0,9
Bakersfield,2026-10-10,39.5,40.84,-1.34,0,0,10
Bakersfield,2026-10-11,36.9,40.2,-3.3,0,0,11
Bakersfield,2026-10-12,36.3,39.7,-3.4,0,0,12
Bakersfield,2026-10-13,36.9,39.36,-2.46,0,0,13
Bakersfield,2026-10-14,32.8,38.17,-5.37,0,0,14
San Jose,2026-10-01,27.1,27.1,0,0,0,1
San Jose,2026-10-02,27.8,27.45,0.35,0,0,2
San Jose,2026-10-03,36.4,30.43,5.97,0,0,3
San Jose,2026-10-04,34.2,31.38,2.82,0,0,4
San Jose,2026-10-05,35,32.1,2.9,0,0,5
San Jose,2026-10-06,35.5,32.67,2.83,0,0,6
San Jose,2026-10-07,37.4,33.34,4.06,0,0,7
San Jose,2026-10-08,40.1,35.2,4.9,0,0,8
San Jose,2026-10-09,34.6,36.17,-1.57,0,0,9
San Jose,2026-10-10,34,35.83,-1.83,0,0,10
San Jose,2026-10-11,30.3,35.27,-4.97,0,0,11
San Jose,2026-10-12,31.8,34.81,-3.01,0,0,12
San Jose,2026-10-13,30.4,34.09,-3.69,0,0,13
San Jose,2026-10-14,28,32.74,-4.74,0,0,14
